customerID,gender,SeniorCitizen,Partner,Dependents,tenure,PhoneService,MultipleLines,InternetService,OnlineSecurity,OnlineBackup,DeviceProtection,TechSupport,StreamingTV,StreamingMovies,Contract,PaperlessBilling,PaymentMethod,MonthlyCharges,TotalCharges,Churn,customer_5_copy,customer_15_copy,senior_male_electronic,customer_total_tenure,two_mail_yes,customer_333,total_count
8779-QRDMV,Male,1,No,No,1,No,No phone service,DSL,No,No,Yes,No,No,Yes,Month-to-month,Yes,Electronic check,39.65,39.65,Yes,No,Yes,True,False,False,True,159
1658-BYGOY,Male,1,No,No,18,Yes,Yes,Fiber optic,No,No,No,No,Yes,Yes,Month-to-month,Yes,Electronic check,95.45,1752.55,Yes,No,Yes,True,False,False,True,159
5067-XJQFU,Male,1,Yes,Yes,66,Yes,Yes,Fiber optic,No,Yes,Yes,Yes,Yes,Yes,One year,Yes,Electronic check,108.45,7076.35,No,Yes,Yes,True,True,False,True,139
0191-ZHSKZ,Male,1,No,No,30,Yes,No,DSL,Yes,Yes,No,No,Yes,Yes,Month-to-month,Yes,Electronic check,74.75,2111.3,No,No,Yes,True,False,False,True,139
2424-WVHPL,Male,1,No,No,1,Yes,No,Fiber optic,No,No,No,Yes,No,No,Month-to-month,No,Electronic check,74.7,74.7,No,No,No,True,False,False,True,139
2639-UGMAZ,Male,1,No,No,71,No,No phone service,DSL,Yes,Yes,No,No,Yes,Yes,One year,Yes,Electronic check,56.45,3985.35,No,No,Yes,True,True,False,True,139
3445-HXXGF,Male,1,Yes,No,58,No,No phone service,DSL,No,Yes,Yes,No,No,Yes,Month-to-month,Yes,Electronic check,45.3,2651.2,Yes,No,Yes,True,False,False,True,159
2504-DSHIH,Male,1,Yes,No,23,Yes,Yes,Fiber optic,No,No,No,No,No,Yes,Month-to-month,No,Electronic check,86.8,1975.85,No,No,Yes,True,False,False,True,139
0221-WMXNQ,Male,1,No,No,4,Yes,No,Fiber optic,Yes,No,No,No,No,No,Month-to-month,No,Electronic check,75.35,273.4,No,No,No,True,False,False,True,139
9947-OTFQU,Male,1,No,No,15,Yes,No,Fiber optic,No,Yes,No,No,No,No,Month-to-month,Yes,Electronic check,74.4,1074.3,Yes,No,No,True,False,False,True,159
9514-JDSKI,Male,1,Yes,No,1,No,No phone service,DSL,No,Yes,No,No,Yes,No,Month-to-month,No,Electronic check,40.2,40.2,Yes,No,No,True,False,False,True,159
7273-TEFQD,Male,1,No,No,3,No,No phone service,DSL,No,No,Yes,No,No,Yes,Month-to-month,Yes,Electronic check,41.15,132.2,Yes,No,Yes,True,False,False,True,159
3606-TWKGI,Male,1,No,No,13,Yes,Yes,Fiber optic,No,Yes,Yes,No,Yes,Yes,Month-to-month,Yes,Electronic check,106.9,1364.3,Yes,No,Yes,True,True,False,True,159
7529-ZDFXI,Male,1,Yes,No,57,Yes,Yes,Fiber optic,No,Yes,No,No,No,Yes,Month-to-month,Yes,Electronic check,89.85,4925.35,No,No,Yes,True,False,False,True,139
4716-HHKQH,Male,1,Yes,No,20,Yes,Yes,Fiber optic,No,Yes,No,Yes,Yes,Yes,Month-to-month,No,Electronic check,107.05,2172.05,No,No,Yes,True,True,False,True,139
3488-PGMQJ,Male,1,No,No,8,Yes,No,Fiber optic,No,Yes,No,No,No,No,Month-to-month,Yes,Electronic check,74.5,606.55,Yes,No,No,True,False,False,True,159
7534-BFESC,Male,1,No,No,24,Yes,Yes,Fiber optic,No,No,No,No,No,No,Month-to-month,Yes,Electronic check,76.1,1712.7,Yes,No,No,True,False,False,True,159
6851-WEFYX,Male,1,Yes,No,35,Yes,Yes,Fiber optic,No,No,Yes,No,Yes,Yes,Month-to-month,Yes,Electronic check,100.8,3437.5,No,No,Yes,True,True,False,True,139
0265-EDXBD,Male,1,Yes,No,32,Yes,Yes,Fiber optic,No,No,No,No,No,No,Month-to-month,Yes,Electronic check,74.9,2303.35,Yes,No,No,True,False,False,True,159
3167-SNQPL,Male,1,Yes,Yes,38,Yes,Yes,Fiber optic,No,Yes,No,No,Yes,Yes,Month-to-month,No,Electronic check,101.15,3741.85,No,Yes,Yes,True,True,False,True,139
2840-XANRC,Male,1,Yes,No,24,Yes,No,Fiber optic,No,No,Yes,No,Yes,Yes,Month-to-month,Yes,Electronic check,93.15,2231.05,Yes,No,Yes,True,False,False,True,159
2519-ERQOJ,Male,1,No,No,33,No,No phone service,DSL,No,No,Yes,Yes,Yes,Yes,Month-to-month,Yes,Electronic check,54.6,1803.7,No,No,Yes,True,False,False,True,139
0334-GDDSO,Male,1,No,No,3,Yes,Yes,Fiber optic,No,Yes,No,No,No,No,Month-to-month,Yes,Electronic check,81.35,233.7,Yes,No,No,True,False,False,True,159
9076-AXYIK,Male,1,Yes,No,64,Yes,Yes,Fiber optic,No,No,Yes,Yes,Yes,Yes,Two year,No,Electronic check,102.1,6538.45,No,No,Yes,True,True,False,True,139
3780-DDGSE,Male,1,Yes,Yes,35,Yes,No,DSL,No,Yes,No,Yes,Yes,Yes,Month-to-month,Yes,Electronic check,76.05,2747.2,No,Yes,Yes,True,False,False,True,139
4109-CYRBD,Male,1,Yes,No,29,Yes,Yes,DSL,No,No,No,No,No,No,Month-to-month,Yes,Electronic check,51.6,1442.0,No,No,No,True,False,False,True,139
6522-YRBXD,Male,1,Yes,No,35,Yes,Yes,Fiber optic,Yes,Yes,No,No,No,Yes,Month-to-month,Yes,Electronic check,94.55,3365.4,No,No,Yes,True,False,False,True,139
1626-ERCMM,Male,1,Yes,No,20,Yes,Yes,Fiber optic,No,No,No,No,Yes,Yes,Month-to-month,Yes,Electronic check,94.55,1899.65,Yes,No,Yes,True,False,False,True,159
0823-HSCDJ,Male,1,No,No,52,No,No phone service,DSL,No,Yes,No,No,Yes,Yes,Month-to-month,Yes,Electronic check,49.15,2550.9,Yes,No,Yes,True,False,False,True,159
3729-OWRVL,Male,1,No,No,65,Yes,Yes,Fiber optic,Yes,No,Yes,Yes,Yes,Yes,Two year,Yes,Electronic check,110.35,7246.15,No,No,Yes,True,True,False,True,139
0067-DKWBL,Male,1,No,No,2,Yes,No,DSL,Yes,No,No,No,No,No,Month-to-month,Yes,Electronic check,49.25,91.1,Yes,No,No,True,False,False,True,159
5244-IRFIH,Male,1,Yes,No,33,Yes,Yes,Fiber optic,No,No,No,No,Yes,Yes,Month-to-month,Yes,Electronic check,94.5,3105.55,Yes,No,Yes,True,False,False,True,159
6683-VLCTZ,Male,1,No,No,20,Yes,Yes,Fiber optic,No,No,Yes,No,Yes,Yes,Month-to-month,Yes,Electronic check,98.55,1842.8,Yes,No,Yes,True,False,False,True,159
4250-WAROZ,Male,1,Yes,Yes,60,Yes,Yes,Fiber optic,Yes,Yes,No,No,No,Yes,Month-to-month,Yes,Electronic check,93.25,5774.55,No,Yes,Yes,True,False,False,True,139
0947-MUGVO,Male,1,Yes,No,20,Yes,No,Fiber optic,No,Yes,No,No,No,No,Month-to-month,Yes,Electronic check,73.65,1463.5,Yes,No,No,True,False,False,True,159
0781-LKXBR,Male,1,No,No,9,Yes,Yes,Fiber optic,No,No,Yes,No,Yes,Yes,Month-to-month,Yes,Electronic check,100.5,918.6,Yes,No,Yes,True,True,False,True,159
1907-UBQFC,Male,1,No,No,10,Yes,No,Fiber optic,No,Yes,No,No,No,No,Month-to-month,Yes,Electronic check,72.85,688.65,Yes,No,No,True,False,False,True,159
6513-EECDB,Male,1,Yes,No,1,Yes,Yes,Fiber optic,No,No,No,No,No,No,Month-to-month,Yes,Electronic check,73.55,73.55,Yes,No,No,True,False,False,True,159
7028-DVOIQ,Male,1,No,No,35,Yes,Yes,Fiber optic,No,No,Yes,No,Yes,Yes,Month-to-month,Yes,Electronic check,99.05,3395.8,Yes,No,Yes,True,False,False,True,159
8919-FYFQZ,Male,1,Yes,No,44,No,No phone service,DSL,No,Yes,No,No,No,No,Month-to-month,Yes,Electronic check,30.35,1359.7,Yes,No,No,True,False,False,True,159
6646-QVXLR,Male,1,Yes,No,62,Yes,Yes,Fiber optic,No,Yes,Yes,No,Yes,Yes,One year,Yes,Electronic check,103.75,6383.35,Yes,No,Yes,True,True,False,True,159
1989-PRJHP,Male,1,Yes,No,27,Yes,Yes,Fiber optic,No,No,No,No,No,No,Month-to-month,Yes,Electronic check,75.5,1893.95,Yes,No,No,True,False,False,True,159
6419-ZTTLE,Male,1,Yes,No,23,Yes,No,No,No internet service,No internet service,No internet service,No internet service,No internet service,No internet service,One year,Yes,Electronic check,20.75,485.2,No,No,No internet service,True,False,False,True,139
4822-RVYBB,Male,1,No,No,8,Yes,Yes,Fiber optic,No,No,Yes,No,Yes,Yes,Month-to-month,Yes,Electronic check,100.6,819.4,Yes,No,Yes,True,True,False,True,159
1271-SJBGZ,Male,1,No,No,12,No,No phone service,DSL,No,No,Yes,Yes,No,Yes,Month-to-month,Yes,Electronic check,43.65,526.95,Yes,No,Yes,True,False,False,True,159
1751-NCDLI,Male,1,Yes,No,46,Yes,Yes,Fiber optic,No,No,Yes,No,Yes,Yes,Month-to-month,Yes,Electronic check,98.85,4564.9,No,No,Yes,True,False,False,True,139
8111-SLLHI,Male,1,Yes,No,39,Yes,Yes,Fiber optic,No,Yes,Yes,No,Yes,Yes,Month-to-month,Yes,Electronic check,105.65,4284.8,Yes,No,Yes,True,True,False,True,159
5461-QKNTN,Male,1,Yes,No,43,Yes,Yes,Fiber optic,No,Yes,No,Yes,Yes,No,Month-to-month,Yes,Electronic check,94.3,3953.15,No,No,No,True,False,False,True,139
6507-ZJSUR,Male,1,Yes,No,23,Yes,No,Fiber optic,No,No,No,No,Yes,Yes,Month-to-month,Yes,Electronic check,90.45,2117.25,No,No,Yes,True,False,False,True,139
9681-KYGYB,Male,1,Yes,No,49,Yes,Yes,Fiber optic,Yes,Yes,Yes,No,No,No,Month-to-month,Yes,Electronic check,88.2,4159.45,No,No,No,True,False,False,True,139
9134-CEQMF,Male,1,Yes,No,7,Yes,No,Fiber optic,No,No,No,No,Yes,Yes,Month-to-month,Yes,Electronic check,89.5,676.7,Yes,No,Yes,True,False,False,True,159
3372-KWFBM,Male,1,No,No,16,Yes,Yes,Fiber optic,No,No,No,No,Yes,No,Month-to-month,Yes,Electronic check,86.6,1281.0,Yes,No,No,True,False,False,True,159
4238-HFHSN,Male,1,Yes,No,61,Yes,Yes,Fiber optic,No,Yes,No,No,No,No,Month-to-month,Yes,Electronic check,82.15,4904.85,No,No,No,True,False,False,True,139
8752-GHJFU,Male,1,Yes,No,71,Yes,Yes,Fiber optic,Yes,Yes,Yes,Yes,No,No,One year,Yes,Electronic check,92.0,6585.2,No,No,No,True,True,False,True,139
6896-SRVYQ,Male,1,No,No,44,Yes,No,Fiber optic,No,No,Yes,No,No,No,Month-to-month,No,Electronic check,73.85,3122.4,No,No,No,True,False,False,True,139
9809-IMGCQ,Male,1,No,No,22,Yes,Yes,Fiber optic,No,No,No,No,Yes,Yes,Month-to-month,Yes,Electronic check,96.7,2082.95,Yes,No,Yes,True,False,False,True,159
3254-YRILK,Male,1,No,No,19,Yes,Yes,Fiber optic,No,Yes,No,No,Yes,No,Month-to-month,Yes,Electronic check,88.2,1775.8,Yes,No,No,True,False,False,True,159
0529-ONKER,Male,1,No,No,15,Yes,Yes,Fiber optic,No,No,No,No,No,No,Month-to-month,No,Electronic check,75.65,1146.65,Yes,No,No,True,False,False,True,159
1728-CXQBE,Male,1,Yes,No,64,Yes,Yes,Fiber optic,No,Yes,Yes,No,No,Yes,Month-to-month,Yes,Electronic check,94.25,6081.4,No,No,Yes,True,False,False,True,139
5240-IJOQT,Male,1,No,No,1,Yes,Yes,Fiber optic,No,No,No,No,No,No,Month-to-month,Yes,Electronic check,74.7,74.7,Yes,No,No,True,False,False,True,159
7905-NJMXS,Male,1,Yes,No,7,Yes,Yes,DSL,Yes,Yes,No,Yes,No,No,Month-to-month,No,Electronic check,64.2,475.0,No,No,No,True,False,False,True,139
9957-YODKZ,Male,1,Yes,No,6,Yes,Yes,Fiber optic,No,No,Yes,No,No,No,Month-to-month,Yes,Electronic check,80.8,457.1,No,No,No,True,False,False,True,139
3223-DWFIO,Male,1,No,No,4,Yes,No,Fiber optic,No,No,No,No,No,No,Month-to-month,No,Electronic check,69.35,261.65,No,No,No,True,False,False,True,139
2660-EMUBI,Male,1,No,No,10,Yes,Yes,Fiber optic,No,No,No,No,Yes,Yes,Month-to-month,Yes,Electronic check,95.35,898.35,Yes,No,Yes,True,False,False,True,159
3292-PBZEJ,Male,1,No,No,11,Yes,Yes,Fiber optic,No,Yes,Yes,Yes,Yes,Yes,Month-to-month,Yes,Electronic check,111.4,1183.05,No,No,Yes,True,True,False,True,139
9391-EOYLI,Male,1,Yes,No,12,Yes,No,Fiber optic,No,No,No,No,No,Yes,Month-to-month,Yes,Electronic check,80.45,950.2,Yes,No,Yes,True,False,False,True,159
2761-OCIAX,Male,1,No,No,2,Yes,No,Fiber optic,No,Yes,No,No,No,No,Month-to-month,Yes,Electronic check,74.7,165.4,Yes,No,No,True,False,False,True,159
3068-OMWZA,Male,1,No,No,1,Yes,Yes,Fiber optic,No,No,Yes,No,Yes,No,Month-to-month,Yes,Electronic check,88.8,88.8,Yes,No,No,True,False,False,True,159
2439-LYPMQ,Male,1,Yes,No,38,Yes,Yes,Fiber optic,No,Yes,Yes,No,Yes,Yes,Month-to-month,Yes,Electronic check,102.6,4009.2,No,No,Yes,True,True,False,True,139
4690-LLKUA,Male,1,No,No,17,Yes,No,DSL,No,No,No,No,No,No,Month-to-month,Yes,Electronic check,45.05,770.6,Yes,No,No,True,False,False,True,159
7426-WEIJX,Male,1,Yes,Yes,60,Yes,Yes,Fiber optic,Yes,No,No,No,No,No,Month-to-month,Yes,Electronic check,80.95,4859.1,No,Yes,No,True,False,False,True,139
8580-AECUZ,Male,1,No,No,1,Yes,No,Fiber optic,No,No,No,No,Yes,No,Month-to-month,Yes,Electronic check,79.1,79.1,Yes,No,No,True,False,False,True,159
9365-SRSZE,Male,1,Yes,No,27,Yes,No,Fiber optic,No,No,No,No,No,No,Month-to-month,Yes,Electronic check,70.55,1943.9,No,No,No,True,False,False,True,139
9705-IOVQQ,Male,1,Yes,Yes,61,Yes,Yes,Fiber optic,No,Yes,No,No,Yes,Yes,One year,No,Electronic check,99.0,5969.3,No,Yes,Yes,True,False,False,True,139
1320-REHCS,Male,1,No,No,52,Yes,Yes,Fiber optic,No,Yes,Yes,Yes,Yes,Yes,Month-to-month,Yes,Electronic check,110.75,5832.0,No,No,Yes,True,True,False,True,139
7156-MHUGY,Male,1,No,No,13,Yes,No,Fiber optic,No,No,No,No,Yes,Yes,Month-to-month,Yes,Electronic check,90.5,1201.15,Yes,No,Yes,True,False,False,True,159
2307-FYNNL,Male,1,No,No,65,Yes,Yes,Fiber optic,Yes,No,Yes,Yes,Yes,Yes,Two year,Yes,Electronic check,109.05,7108.2,No,No,Yes,True,True,False,True,139
2519-LBNQL,Male,1,Yes,No,60,Yes,Yes,Fiber optic,No,Yes,Yes,No,Yes,Yes,One year,Yes,Electronic check,104.35,6339.45,No,No,Yes,True,True,False,True,139
9606-PBKBQ,Male,1,Yes,No,32,Yes,Yes,Fiber optic,No,No,No,No,No,Yes,Month-to-month,Yes,Electronic check,85.0,2642.05,Yes,No,Yes,True,False,False,True,159
3536-IQCTX,Male,1,Yes,No,32,Yes,Yes,Fiber optic,No,No,No,No,No,Yes,Month-to-month,No,Electronic check,85.3,2661.1,Yes,No,Yes,True,False,False,True,159
3132-TVFDZ,Male,1,Yes,No,57,No,No phone service,DSL,No,No,No,No,Yes,Yes,Month-to-month,Yes,Electronic check,44.85,2572.95,Yes,No,Yes,True,False,False,True,159
8080-DDEMJ,Male,1,No,No,1,Yes,No,DSL,No,No,No,No,No,No,Month-to-month,No,Electronic check,45.1,45.1,Yes,No,No,True,False,False,True,159
8058-DMYRU,Male,1,No,No,54,Yes,Yes,Fiber optic,No,Yes,No,No,No,Yes,Month-to-month,Yes,Electronic check,90.05,4931.8,No,No,Yes,True,False,False,True,139
6702-OHFWR,Male,1,No,No,1,No,No phone service,DSL,No,Yes,Yes,No,No,Yes,Month-to-month,Yes,Electronic check,43.3,43.3,Yes,No,Yes,True,False,False,True,159
7064-FRRSW,Male,1,No,No,48,Yes,Yes,Fiber optic,No,Yes,No,No,Yes,Yes,One year,Yes,Electronic check,99.0,4744.35,No,No,Yes,True,False,False,True,139
9497-QCMMS,Male,1,No,No,1,Yes,Yes,Fiber optic,No,No,No,No,Yes,Yes,Month-to-month,Yes,Electronic check,93.55,93.55,Yes,No,Yes,True,False,False,True,159
5692-ICXLW,Male,1,No,No,31,Yes,Yes,Fiber optic,No,Yes,No,No,Yes,No,Month-to-month,Yes,Electronic check,90.7,2845.15,No,No,No,True,False,False,True,139
3424-NMNBO,Male,1,Yes,No,58,Yes,Yes,Fiber optic,Yes,Yes,Yes,No,Yes,Yes,One year,Yes,Electronic check,108.85,6287.25,Yes,No,Yes,True,True,False,True,159
8775-ERLNB,Male,1,Yes,No,1,Yes,Yes,Fiber optic,No,No,No,No,No,No,Month-to-month,No,Electronic check,74.3,74.3,No,No,No,True,False,False,True,139
6557-BZXLQ,Male,1,No,No,16,Yes,No,Fiber optic,No,No,No,No,No,No,Month-to-month,No,Electronic check,69.65,1043.3,No,No,No,True,False,False,True,139
7901-TBKJX,Male,1,No,No,56,Yes,Yes,Fiber optic,No,No,Yes,No,Yes,Yes,Month-to-month,Yes,Electronic check,101.05,5594.0,No,No,Yes,True,True,False,True,139
7206-PQBBZ,Male,1,Yes,No,11,Yes,No,Fiber optic,No,No,No,No,No,No,Month-to-month,Yes,Electronic check,70.2,834.7,No,No,No,True,False,False,True,139
4079-VTGLK,Male,1,Yes,No,30,Yes,Yes,DSL,No,No,Yes,No,Yes,Yes,Two year,No,Electronic check,74.85,2181.75,No,No,Yes,True,False,False,True,139
4021-RQSNY,Male,1,Yes,No,29,Yes,Yes,Fiber optic,No,No,Yes,No,Yes,Yes,Month-to-month,Yes,Electronic check,98.5,3004.15,Yes,No,Yes,True,False,False,True,159
9061-TIHDA,Male,1,Yes,No,13,Yes,Yes,Fiber optic,No,No,No,No,Yes,Yes,Month-to-month,Yes,Electronic check,95.25,1233.65,Yes,No,Yes,True,False,False,True,159
0380-NEAVX,Male,1,No,No,34,Yes,No,Fiber optic,No,Yes,Yes,No,Yes,Yes,One year,Yes,Electronic check,99.85,3343.15,No,No,Yes,True,False,False,True,139
1302-UHBDD,Male,1,No,No,20,Yes,No,Fiber optic,No,No,No,No,Yes,Yes,Month-to-month,No,Electronic check,89.95,1648.45,No,No,Yes,True,False,False,True,139
2528-HFYZX,Male,1,Yes,No,17,Yes,No,Fiber optic,No,Yes,No,No,No,No,Month-to-month,Yes,Electronic check,76.45,1233.4,Yes,No,No,True,False,False,True,159
4706-DGAHW,Male,1,No,No,1,Yes,No,DSL,No,No,No,No,No,No,Month-to-month,No,Electronic check,45.2,45.2,No,No,No,True,False,False,True,139
1089-HDMKP,Male,1,No,Yes,11,Yes,No,DSL,No,Yes,No,Yes,No,No,Month-to-month,Yes,Electronic check,54.55,601.25,No,Yes,No,True,False,False,True,139
9603-OAIHC,Male,1,No,No,1,Yes,No,Fiber optic,No,No,No,No,No,No,Month-to-month,Yes,Electronic check,70.05,70.05,No,No,No,True,False,False,True,139
2205-YMZZJ,Male,1,No,No,7,Yes,Yes,Fiber optic,No,No,No,No,Yes,No,Month-to-month,Yes,Electronic check,84.8,546.95,Yes,No,No,True,False,False,True,159
5198-EFNBM,Male,1,Yes,No,57,Yes,No,Fiber optic,No,Yes,Yes,No,Yes,No,One year,Yes,Electronic check,90.65,5199.8,No,No,No,True,False,False,True,139
7641-EUYET,Male,1,Yes,Yes,46,Yes,Yes,Fiber optic,Yes,Yes,Yes,No,Yes,No,Month-to-month,Yes,Electronic check,100.7,4541.2,Yes,Yes,No,True,True,False,True,159
9137-NOQKA,Male,1,No,No,2,Yes,No,No,No internet service,No internet service,No internet service,No internet service,No internet service,No internet service,Month-to-month,No,Electronic check,19.2,37.2,No,No,No internet service,True,False,False,True,139
7576-OYWBN,Male,1,No,No,3,Yes,Yes,Fiber optic,No,No,No,No,No,No,Month-to-month,Yes,Electronic check,76.05,231.8,Yes,No,No,True,False,False,True,159
5539-TMZLF,Male,1,No,No,1,Yes,No,Fiber optic,No,No,No,No,No,No,Month-to-month,Yes,Electronic check,69.75,69.75,Yes,No,No,True,False,False,True,159
5315-CKEQK,Male,1,Yes,Yes,28,Yes,Yes,DSL,No,No,No,No,No,No,One year,Yes,Electronic check,51.0,1381.8,No,Yes,No,True,False,False,True,139
6861-XWTWQ,Male,1,Yes,No,7,Yes,Yes,Fiber optic,No,No,Yes,No,Yes,Yes,Month-to-month,Yes,Electronic check,99.25,665.45,Yes,No,Yes,True,False,False,True,159
8166-ORCHU,Male,1,Yes,No,33,Yes,No,Fiber optic,Yes,Yes,No,Yes,No,Yes,One year,Yes,Electronic check,93.55,3055.5,No,No,Yes,True,False,False,True,139
4283-FUTGF,Male,1,No,No,19,Yes,Yes,Fiber optic,No,No,Yes,No,No,No,Month-to-month,Yes,Electronic check,79.85,1471.75,Yes,No,No,True,False,False,True,159
6128-AQBMT,Male,1,Yes,No,41,No,No phone service,DSL,No,Yes,Yes,No,Yes,Yes,Month-to-month,Yes,Electronic check,53.95,2215.4,No,No,Yes,True,False,False,True,139
8225-BTJAU,Male,1,No,No,10,Yes,No,Fiber optic,No,No,No,No,No,Yes,Month-to-month,Yes,Electronic check,79.25,793.55,Yes,No,Yes,True,False,False,True,159
1724-BQUHA,Male,1,No,No,5,Yes,No,Fiber optic,No,No,No,No,Yes,Yes,Month-to-month,Yes,Electronic check,89.5,477.7,Yes,No,Yes,True,False,False,True,159
4826-XTSOH,Male,1,Yes,No,1,Yes,Yes,Fiber optic,No,No,No,No,Yes,No,Month-to-month,Yes,Electronic check,86.05,86.05,Yes,No,No,True,False,False,True,159
2634-HCZGT,Male,1,Yes,No,53,Yes,Yes,DSL,Yes,No,No,Yes,No,No,One year,Yes,Electronic check,60.05,3229.65,Yes,No,No,True,False,False,True,159
5533-NHFRF,Male,1,No,No,7,No,No phone service,DSL,No,Yes,No,Yes,No,Yes,Month-to-month,Yes,Electronic check,44.4,265.8,No,No,Yes,True,False,False,True,139
3001-CBHLQ,Male,1,Yes,No,32,Yes,Yes,Fiber optic,No,No,Yes,Yes,Yes,Yes,Month-to-month,Yes,Electronic check,104.9,3351.55,Yes,No,Yes,True,True,False,True,159
4360-QRAVE,Male,1,No,No,37,No,No phone service,DSL,No,Yes,Yes,No,No,No,Month-to-month,No,Electronic check,36.65,1315.0,No,No,No,True,False,False,True,139
4102-OQUPX,Male,1,Yes,No,1,Yes,Yes,Fiber optic,No,No,No,No,No,No,Month-to-month,Yes,Electronic check,74.4,74.4,Yes,No,No,True,False,False,True,159
3999-QGRJH,Male,1,No,No,8,Yes,No,Fiber optic,No,No,No,No,No,No,Month-to-month,Yes,Electronic check,69.7,560.85,Yes,No,No,True,False,False,True,159
2277-DJJDL,Male,1,Yes,No,60,Yes,Yes,Fiber optic,No,No,No,Yes,Yes,Yes,Month-to-month,Yes,Electronic check,99.0,6017.9,No,No,Yes,True,False,False,True,139
4550-VBOFE,Male,1,Yes,No,70,Yes,Yes,Fiber optic,No,Yes,Yes,No,Yes,Yes,Month-to-month,Yes,Electronic check,102.95,7101.5,Yes,No,Yes,True,True,False,True,159
0674-DGMAQ,Male,1,Yes,No,32,Yes,Yes,Fiber optic,No,Yes,Yes,No,No,Yes,Month-to-month,Yes,Electronic check,93.5,2970.8,No,No,Yes,True,False,False,True,139
7740-BTPUX,Male,1,Yes,No,55,Yes,Yes,Fiber optic,No,Yes,Yes,Yes,Yes,Yes,Two year,Yes,Electronic check,113.6,6292.7,No,No,Yes,True,True,False,True,139
6313-GIDIT,Male,1,No,No,53,No,No phone service,DSL,No,Yes,Yes,No,Yes,Yes,Month-to-month,Yes,Electronic check,54.45,2854.55,Yes,No,Yes,True,False,False,True,159
2845-AFFTX,Male,1,Yes,No,41,Yes,Yes,Fiber optic,No,No,Yes,No,Yes,Yes,Month-to-month,Yes,Electronic check,99.8,4259.3,Yes,No,Yes,True,False,False,True,159
8996-ZROXE,Male,1,No,No,57,Yes,No,DSL,No,No,Yes,Yes,No,No,One year,Yes,Electronic check,53.5,3035.8,No,No,No,True,False,False,True,139
1891-FZYSA,Male,1,Yes,No,69,Yes,Yes,Fiber optic,No,Yes,No,No,Yes,No,Month-to-month,Yes,Electronic check,89.95,6143.15,Yes,No,No,True,False,False,True,159
9685-WKZGT,Male,1,No,No,14,Yes,Yes,Fiber optic,No,No,No,No,No,No,Month-to-month,Yes,Electronic check,74.95,1036.75,Yes,No,No,True,False,False,True,159
5857-TYBCJ,Male,1,Yes,No,44,Yes,Yes,Fiber optic,No,No,Yes,No,Yes,No,Month-to-month,Yes,Electronic check,89.2,4040.2,No,No,No,True,False,False,True,139
8118-LSUEL,Male,1,No,No,23,Yes,Yes,Fiber optic,No,Yes,Yes,No,Yes,Yes,Month-to-month,Yes,Electronic check,106.4,2483.5,Yes,No,Yes,True,True,False,True,159
6860-YRJZP,Male,1,No,No,9,Yes,Yes,Fiber optic,No,No,No,No,No,No,Month-to-month,Yes,Electronic check,74.05,678.45,No,No,No,True,False,False,True,139
5150-ITWWB,Male,1,No,No,3,Yes,Yes,Fiber optic,No,No,No,No,Yes,Yes,Month-to-month,Yes,Electronic check,94.85,335.75,No,No,Yes,True,False,False,True,139
9281-OFDMF,Male,1,No,No,39,Yes,Yes,Fiber optic,No,Yes,No,No,No,Yes,Month-to-month,No,Electronic check,90.7,3413.25,No,No,Yes,True,False,False,True,139
0928-JMXNP,Male,1,Yes,No,4,No,No phone service,DSL,No,No,Yes,No,No,No,Month-to-month,Yes,Electronic check,29.9,118.25,No,No,No,True,False,False,True,139
7779-LGOVN,Male,1,Yes,No,10,Yes,Yes,Fiber optic,No,No,No,No,No,Yes,Month-to-month,Yes,Electronic check,86.65,856.65,Yes,No,Yes,True,False,False,True,159
3629-ZNKXA,Male,1,No,No,17,Yes,No,Fiber optic,No,Yes,Yes,No,Yes,Yes,Month-to-month,Yes,Electronic check,101.8,1752.45,No,No,Yes,True,True,False,True,139
3902-FOIGH,Male,1,Yes,No,12,Yes,Yes,Fiber optic,No,Yes,No,No,Yes,Yes,Month-to-month,Yes,Electronic check,101.35,1218.55,Yes,No,Yes,True,True,False,True,159
3318-OSATS,Male,1,No,No,35,Yes,Yes,Fiber optic,No,No,No,No,Yes,Yes,Month-to-month,Yes,Electronic check,95.45,3474.05,Yes,No,Yes,True,False,False,True,159
0136-IFMYD,Male,1,Yes,No,69,Yes,Yes,Fiber optic,No,Yes,Yes,Yes,Yes,Yes,Two year,Yes,Electronic check,109.95,7634.25,No,No,Yes,True,True,False,True,139
5144-TVGLP,Male,1,No,No,38,Yes,Yes,Fiber optic,No,No,No,No,Yes,Yes,Month-to-month,No,Electronic check,94.75,3653.0,No,No,Yes,True,False,False,True,139
8276-MQBYC,Male,1,No,No,51,Yes,Yes,Fiber optic,No,No,Yes,No,Yes,Yes,Month-to-month,Yes,Electronic check,97.8,4913.3,Yes,No,Yes,True,False,False,True,159
5178-LMXOP,Male,1,Yes,No,1,Yes,Yes,Fiber optic,No,No,No,No,Yes,Yes,Month-to-month,Yes,Electronic check,95.1,95.1,Yes,No,Yes,True,False,False,True,159
7056-IMHCC,Male,1,Yes,No,53,Yes,Yes,Fiber optic,No,Yes,No,No,Yes,Yes,Month-to-month,Yes,Electronic check,101.9,5549.4,Yes,No,Yes,True,True,False,True,159
0100-DUVFC,Male,1,Yes,No,70,Yes,Yes,Fiber optic,No,Yes,Yes,No,Yes,Yes,One year,Yes,Electronic check,104.8,7308.95,No,No,Yes,True,True,False,True,139
8414-MYSHR,Male,1,No,No,5,Yes,No,Fiber optic,No,No,No,No,Yes,Yes,Month-to-month,Yes,Electronic check,91.4,449.75,Yes,No,Yes,True,False,False,True,159
3982-DQLUS,Male,1,Yes,Yes,65,Yes,Yes,Fiber optic,Yes,Yes,No,No,No,No,Month-to-month,Yes,Electronic check,85.75,5688.45,No,Yes,No,True,False,False,True,139
3756-VNWDH,Male,1,Yes,No,65,Yes,Yes,Fiber optic,Yes,No,No,No,Yes,Yes,One year,Yes,Electronic check,100.75,6674.65,No,No,Yes,True,True,False,True,139
4988-IQIGL,Male,1,No,No,1,Yes,Yes,Fiber optic,No,No,No,No,No,No,Month-to-month,Yes,Electronic check,75.35,75.35,Yes,No,No,True,False,False,True,159
5019-GQVCR,Male,1,No,No,43,Yes,Yes,Fiber optic,No,No,No,No,Yes,No,Month-to-month,Yes,Electronic check,84.85,3645.6,No,No,No,True,False,False,True,139
9026-RNUJS,Male,1,No,No,5,Yes,No,DSL,No,No,Yes,No,No,No,Month-to-month,No,Electronic check,50.35,237.25,Yes,No,No,True,False,False,True,159
2880-FPNAE,Male,1,Yes,No,2,Yes,No,Fiber optic,No,No,Yes,No,No,No,Month-to-month,Yes,Electronic check,74.2,140.1,No,No,No,True,False,False,True,139
1624-NALOJ,Male,1,No,No,5,Yes,Yes,Fiber optic,No,Yes,No,No,No,Yes,Month-to-month,Yes,Electronic check,89.8,502.6,Yes,No,Yes,True,False,False,True,159
6185-TASNN,Male,1,No,No,1,Yes,No,DSL,No,No,No,No,No,No,Month-to-month,No,Electronic check,46.3,46.3,No,No,No,True,False,False,True,139
8623-TMRBY,Male,1,Yes,Yes,51,Yes,Yes,Fiber optic,No,Yes,Yes,No,No,No,Month-to-month,Yes,Electronic check,84.2,4146.05,Yes,Yes,No,True,False,False,True,159
6900-PXRMS,Male,1,Yes,Yes,26,Yes,Yes,Fiber optic,No,Yes,Yes,No,Yes,Yes,Month-to-month,No,Electronic check,105.75,2710.25,Yes,Yes,Yes,True,True,False,True,159
9373-WSLOY,Male,1,Yes,No,33,No,No phone service,DSL,No,Yes,Yes,Yes,Yes,No,Month-to-month,Yes,Electronic check,50.0,1750.85,No,No,No,True,False,False,True,139
1771-OADNZ,Male,1,Yes,No,29,Yes,Yes,Fiber optic,No,Yes,Yes,No,No,Yes,Month-to-month,Yes,Electronic check,95.9,2745.2,Yes,No,Yes,True,False,False,True,159
1016-DJTSV,Male,1,No,No,8,Yes,No,Fiber optic,No,No,No,No,No,No,Month-to-month,Yes,Electronic check,69.7,572.85,No,No,No,True,False,False,True,139
4433-JCGCG,Male,1,Yes,No,46,Yes,Yes,Fiber optic,No,No,Yes,No,Yes,Yes,Month-to-month,Yes,Electronic check,101.0,4680.05,Yes,No,Yes,True,True,False,True,159
6961-VCPMC,Male,1,Yes,No,46,Yes,No,Fiber optic,No,No,No,No,No,Yes,Month-to-month,Yes,Electronic check,80.4,3605.2,Yes,No,Yes,True,False,False,True,159
5288-AHOUP,Male,1,No,No,11,Yes,No,Fiber optic,No,No,No,No,No,Yes,Month-to-month,Yes,Electronic check,78.5,874.2,No,No,Yes,True,False,False,True,139
4424-TKOPW,Male,1,No,No,2,Yes,Yes,Fiber optic,No,No,No,No,Yes,Yes,Month-to-month,Yes,Electronic check,93.85,196.75,Yes,No,Yes,True,False,False,True,159
1309-XGFSN,Male,1,Yes,Yes,52,Yes,Yes,DSL,No,Yes,Yes,No,Yes,Yes,One year,Yes,Electronic check,80.85,4079.55,No,Yes,Yes,True,False,False,True,139
1866-RZZQS,Male,1,No,No,41,Yes,Yes,Fiber optic,No,No,Yes,No,Yes,Yes,Month-to-month,Yes,Electronic check,98.4,4187.75,Yes,No,Yes,True,False,False,True,159
4958-XCBDQ,Male,1,No,No,35,Yes,Yes,Fiber optic,No,No,Yes,No,Yes,Yes,Month-to-month,Yes,Electronic check,101.4,3496.3,Yes,No,Yes,True,True,False,True,159
8337-UPOAQ,Male,1,Yes,No,10,Yes,Yes,Fiber optic,No,No,Yes,No,No,Yes,Month-to-month,Yes,Electronic check,89.8,914.3,Yes,No,Yes,True,False,False,True,159
8644-XLFBW,Male,1,No,No,1,Yes,No,Fiber optic,No,No,No,No,No,No,Month-to-month,Yes,Electronic check,71.65,71.65,Yes,No,No,True,False,False,True,159
8374-XGEJJ,Male,1,Yes,No,43,Yes,Yes,Fiber optic,No,Yes,No,No,Yes,Yes,Month-to-month,Yes,Electronic check,101.0,4388.4,Yes,No,Yes,True,True,False,True,159
6946-LMSQS,Male,1,Yes,No,25,Yes,Yes,Fiber optic,Yes,No,No,No,No,Yes,One year,Yes,Electronic check,89.05,2177.45,Yes,No,Yes,True,False,False,True,159
4039-HEUNW,Male,1,Yes,No,36,Yes,Yes,Fiber optic,No,Yes,No,No,Yes,Yes,Month-to-month,Yes,Electronic check,96.5,3436.1,Yes,No,Yes,True,False,False,True,159
2403-BCASL,Male,1,Yes,Yes,41,Yes,Yes,Fiber optic,No,Yes,Yes,Yes,Yes,Yes,One year,Yes,Electronic check,111.95,4534.9,Yes,Yes,Yes,True,True,False,True,159
3871-IKPYH,Male,1,No,No,1,Yes,No,Fiber optic,No,No,No,No,No,No,Month-to-month,No,Electronic check,69.1,69.1,Yes,No,No,True,False,False,True,159
8720-RQSBJ,Male,1,No,No,1,Yes,No,DSL,No,No,No,No,No,No,Month-to-month,No,Electronic check,44.0,44.0,No,No,No,True,False,False,True,139
5655-JSMZM,Male,1,No,No,49,Yes,Yes,Fiber optic,No,No,No,No,Yes,Yes,Month-to-month,Yes,Electronic check,96.2,4718.25,Yes,No,Yes,True,False,False,True,159
7225-CBZPL,Male,1,Yes,No,17,Yes,Yes,Fiber optic,No,No,No,No,Yes,Yes,Month-to-month,Yes,Electronic check,94.8,1563.9,No,No,Yes,True,False,False,True,139
4098-NAUKP,Male,1,Yes,Yes,68,Yes,Yes,Fiber optic,No,Yes,Yes,No,No,No,Month-to-month,Yes,Electronic check,84.65,5683.6,No,Yes,No,True,False,False,True,139
2675-DHUTR,Male,1,Yes,No,58,Yes,Yes,Fiber optic,No,Yes,No,No,Yes,Yes,Month-to-month,Yes,Electronic check,98.9,5780.7,No,No,Yes,True,False,False,True,139
0531-ZZJWQ,Male,1,Yes,No,55,Yes,Yes,Fiber optic,No,No,No,No,No,No,Month-to-month,Yes,Electronic check,74.0,4052.4,No,No,No,True,False,False,True,139
2688-BHGOG,Male,1,No,No,9,Yes,No,Fiber optic,No,No,No,No,No,Yes,Month-to-month,Yes,Electronic check,79.55,718.55,No,No,Yes,True,False,False,True,139
0946-CLJTI,Male,1,Yes,No,58,Yes,Yes,Fiber optic,No,No,Yes,No,Yes,Yes,Month-to-month,Yes,Electronic check,98.7,5812.6,Yes,No,Yes,True,False,False,True,159
0576-WNXXC,Male,1,Yes,No,27,Yes,Yes,Fiber optic,No,Yes,Yes,No,No,Yes,Month-to-month,Yes,Electronic check,95.55,2510.2,Yes,No,Yes,True,False,False,True,159
7278-CKDNC,Male,1,No,No,24,Yes,Yes,Fiber optic,No,Yes,No,No,No,No,Month-to-month,Yes,Electronic check,80.5,2088.45,No,No,No,True,False,False,True,139
0187-QSXOE,Male,1,Yes,No,7,Yes,No,Fiber optic,No,No,No,No,Yes,Yes,Month-to-month,Yes,Electronic check,89.0,605.45,No,No,Yes,True,False,False,True,139
4395-PZMSN,Male,1,No,No,5,Yes,No,Fiber optic,No,Yes,No,No,No,Yes,Month-to-month,Yes,Electronic check,85.55,408.5,No,No,Yes,True,False,False,True,139
8107-KNCIM,Male,1,Yes,No,14,Yes,Yes,Fiber optic,No,No,No,No,No,No,Month-to-month,Yes,Electronic check,75.1,1013.35,No,No,No,True,False,False,True,139
7044-YAACC,Male,1,Yes,No,4,Yes,No,Fiber optic,No,No,No,No,No,No,Month-to-month,Yes,Electronic check,70.2,280.35,No,No,No,True,False,False,True,139
4597-NUCQV,Male,1,No,No,24,Yes,Yes,Fiber optic,No,Yes,No,No,Yes,Yes,Month-to-month,Yes,Electronic check,101.25,2440.15,Yes,No,Yes,True,True,False,True,159
3754-DXMRT,Male,1,No,No,2,Yes,No,DSL,No,No,No,No,No,No,Month-to-month,Yes,Electronic check,44.15,92.65,Yes,No,No,True,False,False,True,159
7903-CMPEY,Male,1,Yes,No,1,Yes,Yes,Fiber optic,Yes,No,No,No,No,No,Month-to-month,Yes,Electronic check,80.3,80.3,Yes,No,No,True,False,False,True,159
2675-OTVVJ,Male,1,Yes,No,31,Yes,Yes,Fiber optic,Yes,No,No,No,Yes,No,Month-to-month,No,Electronic check,89.45,2807.65,No,No,No,True,False,False,True,139
0537-QYZZN,Male,1,Yes,Yes,24,Yes,Yes,Fiber optic,Yes,No,No,No,No,No,Month-to-month,Yes,Electronic check,79.85,1857.75,No,Yes,No,True,False,False,True,139
0023-HGHWL,Male,1,No,No,1,No,No phone service,DSL,No,No,No,No,No,No,Month-to-month,Yes,Electronic check,25.1,25.1,Yes,No,No,True,False,False,True,159
6161-UUUTA,Male,1,No,No,3,Yes,No,Fiber optic,No,No,No,No,Yes,No,Month-to-month,Yes,Electronic check,79.9,260.9,Yes,No,No,True,False,False,True,159
0575-CUQOV,Male,1,Yes,No,60,Yes,No,Fiber optic,No,Yes,Yes,No,Yes,Yes,One year,Yes,Electronic check,97.95,5867.0,No,No,Yes,True,False,False,True,139
8808-ELEHO,Male,1,No,No,8,Yes,Yes,Fiber optic,No,No,Yes,No,No,No,Month-to-month,Yes,Electronic check,81.25,585.95,Yes,No,No,True,False,False,True,159
9518-XXBXE,Male,1,Yes,No,10,Yes,No,Fiber optic,Yes,No,No,No,No,No,Month-to-month,No,Electronic check,75.3,720.45,No,No,No,True,False,False,True,139
6350-XFYGW,Male,1,No,No,4,Yes,No,Fiber optic,No,No,Yes,No,Yes,Yes,Month-to-month,Yes,Electronic check,94.75,422.4,No,No,Yes,True,False,False,True,139
7402-EYFXX,Male,1,No,No,26,Yes,Yes,Fiber optic,No,No,No,No,Yes,Yes,Month-to-month,Yes,Electronic check,93.6,2404.1,No,No,Yes,True,False,False,True,139
9965-YOKZB,Male,1,No,No,9,Yes,Yes,Fiber optic,No,No,No,No,No,Yes,Month-to-month,Yes,Electronic check,83.85,790.15,Yes,No,Yes,True,False,False,True,159
5956-YHHRX,Male,1,No,No,21,Yes,Yes,Fiber optic,No,Yes,Yes,No,Yes,Yes,Month-to-month,Yes,Electronic check,104.35,2271.85,No,No,Yes,True,True,False,True,139
6008-NAIXK,Male,1,No,No,54,No,No phone service,DSL,No,Yes,Yes,No,Yes,Yes,One year,Yes,Electronic check,55.45,2966.95,No,No,Yes,True,False,False,True,139
2956-GGUCQ,Male,1,Yes,No,24,Yes,Yes,Fiber optic,Yes,No,No,No,No,No,Month-to-month,Yes,Electronic check,78.85,1772.25,Yes,No,No,True,False,False,True,159
8979-CAMGB,Male,1,No,No,64,Yes,Yes,Fiber optic,No,No,Yes,Yes,Yes,Yes,One year,No,Electronic check,102.1,6688.1,No,No,Yes,True,True,False,True,139
9300-AGZNL,Male,1,No,No,1,Yes,Yes,Fiber optic,No,No,No,No,Yes,Yes,Month-to-month,Yes,Electronic check,94.0,94.0,Yes,No,Yes,True,False,False,True,159
5707-ORNDZ,Male,1,No,No,9,Yes,Yes,DSL,Yes,No,No,No,No,No,Month-to-month,No,Electronic check,54.55,494.05,Yes,No,No,True,False,False,True,159
5233-GEEAX,Male,1,No,No,8,No,No phone service,DSL,No,No,Yes,No,No,No,Month-to-month,Yes,Electronic check,29.4,221.9,Yes,No,No,True,False,False,True,159
8875-AKBYH,Male,1,No,No,20,Yes,Yes,Fiber optic,No,No,No,No,Yes,No,Month-to-month,Yes,Electronic check,84.35,1745.2,No,No,No,True,False,False,True,139
7137-RYLPP,Male,1,Yes,No,37,Yes,Yes,Fiber optic,No,No,No,No,Yes,No,Month-to-month,Yes,Electronic check,85.7,3171.15,Yes,No,No,True,False,False,True,159
5281-BUZGT,Male,1,No,No,36,Yes,Yes,Fiber optic,Yes,No,No,No,Yes,No,Month-to-month,Yes,Electronic check,90.85,3186.7,Yes,No,No,True,False,False,True,159
5117-IFGPS,Male,1,Yes,No,29,Yes,Yes,Fiber optic,No,No,No,No,No,Yes,Month-to-month,Yes,Electronic check,84.3,2357.75,No,No,Yes,True,False,False,True,139
7480-QNVZJ,Male,1,No,No,50,Yes,Yes,Fiber optic,No,No,No,No,Yes,Yes,Month-to-month,Yes,Electronic check,95.7,4816.7,Yes,No,Yes,True,False,False,True,159
4816-JBHOV,Male,1,No,No,2,Yes,No,DSL,No,No,No,No,No,No,Month-to-month,Yes,Electronic check,44.7,93.7,Yes,No,No,True,False,False,True,159
3320-VEOYC,Male,1,No,No,14,Yes,Yes,Fiber optic,No,No,No,No,Yes,Yes,Month-to-month,Yes,Electronic check,95.6,1273.3,No,No,Yes,True,False,False,True,139
3247-ZVOUO,Male,1,Yes,No,10,Yes,Yes,Fiber optic,No,No,No,No,No,Yes,Month-to-month,No,Electronic check,85.55,851.75,Yes,No,Yes,True,False,False,True,159
4325-NFSKC,Male,1,No,No,19,Yes,Yes,Fiber optic,Yes,No,No,No,Yes,No,Month-to-month,Yes,Electronic check,90.6,1660.0,Yes,No,No,True,False,False,True,159
5995-SNNEW,Male,1,Yes,No,23,Yes,Yes,Fiber optic,No,Yes,Yes,No,Yes,Yes,Month-to-month,Yes,Electronic check,104.45,2184.85,No,No,Yes,True,True,False,True,139
8258-GSTJK,Male,1,No,No,3,Yes,Yes,Fiber optic,No,No,No,No,No,No,Month-to-month,Yes,Electronic check,77.0,237.75,Yes,No,No,True,False,False,True,159
6892-XPFPU,Male,1,Yes,No,24,Yes,Yes,Fiber optic,No,Yes,Yes,No,Yes,Yes,Month-to-month,Yes,Electronic check,104.25,2433.9,Yes,No,Yes,True,True,False,True,159
8010-EZLOU,Male,1,No,No,15,Yes,Yes,Fiber optic,No,Yes,No,No,No,No,Month-to-month,Yes,Electronic check,80.2,1217.25,Yes,No,No,True,False,False,True,159
8016-NCFVO,Male,1,No,No,55,Yes,Yes,Fiber optic,Yes,Yes,Yes,Yes,Yes,Yes,Month-to-month,Yes,Electronic check,116.5,6382.55,No,No,Yes,True,True,False,True,139
4119-ZYPZY,Male,1,No,No,71,Yes,Yes,Fiber optic,No,Yes,No,Yes,Yes,Yes,Two year,Yes,Electronic check,106.8,7623.2,No,No,Yes,True,True,False,True,139
5439-WIKXB,Male,1,Yes,No,41,Yes,No,Fiber optic,No,Yes,No,No,Yes,Yes,Month-to-month,Yes,Electronic check,94.55,3851.45,No,No,Yes,True,False,False,True,139
8062-YBDOE,Male,1,No,No,1,Yes,No,Fiber optic,No,No,No,No,No,No,Month-to-month,Yes,Electronic check,69.65,69.65,Yes,No,No,True,False,False,True,159
3672-YITQD,Male,1,Yes,No,36,Yes,Yes,Fiber optic,No,No,No,No,No,Yes,Month-to-month,Yes,Electronic check,84.1,3021.6,Yes,No,Yes,True,False,False,True,159
1028-FFNJK,Male,1,Yes,No,30,Yes,Yes,Fiber optic,No,No,No,Yes,Yes,Yes,Month-to-month,Yes,Electronic check,101.5,2917.65,No,No,Yes,True,True,False,True,139
3001-UNBTL,Male,1,Yes,Yes,29,Yes,Yes,Fiber optic,No,No,Yes,No,Yes,Yes,Month-to-month,Yes,Electronic check,103.95,2964.8,No,Yes,Yes,True,True,False,True,139
4282-ACRXS,Male,1,Yes,No,38,No,No phone service,DSL,No,No,No,No,No,No,Month-to-month,Yes,Electronic check,24.85,955.75,No,No,No,True,False,False,True,139
1075-BGWOH,Male,1,Yes,No,16,Yes,Yes,Fiber optic,No,No,Yes,No,Yes,Yes,Month-to-month,Yes,Electronic check,98.75,1587.55,Yes,No,Yes,True,False,False,True,159
2615-YVMYX,Male,1,Yes,No,71,Yes,Yes,Fiber optic,Yes,Yes,Yes,No,Yes,Yes,Month-to-month,Yes,Electronic check,107.5,7713.55,No,No,Yes,True,True,False,True,139
2851-STERV,Male,1,No,No,35,Yes,No,DSL,No,No,Yes,Yes,Yes,Yes,One year,Yes,Electronic check,73.0,2471.25,No,No,Yes,True,False,False,True,139
6029-WTIPC,Male,1,No,No,37,Yes,Yes,Fiber optic,No,No,Yes,No,Yes,Yes,Month-to-month,Yes,Electronic check,101.1,3744.05,Yes,No,Yes,True,True,False,True,159
1409-PHXTF,Male,1,Yes,No,54,Yes,Yes,Fiber optic,No,Yes,Yes,Yes,Yes,Yes,Two year,Yes,Electronic check,110.45,6077.75,No,No,Yes,True,True,False,True,139
9591-YVTEB,Male,1,No,No,55,No,No phone service,DSL,Yes,Yes,No,No,Yes,No,Month-to-month,Yes,Electronic check,44.85,2479.05,No,No,No,True,False,False,True,139
7450-NWRTR,Male,1,No,No,12,Yes,Yes,Fiber optic,No,No,Yes,No,Yes,Yes,Month-to-month,Yes,Electronic check,99.45,1200.15,Yes,No,Yes,True,False,False,True,159
8473-VUVJN,Male,1,No,No,1,Yes,Yes,Fiber optic,No,No,No,No,No,No,Month-to-month,Yes,Electronic check,73.65,73.65,Yes,No,No,True,False,False,True,159
4631-OACRM,Male,1,No,No,15,Yes,No,Fiber optic,No,No,No,No,No,Yes,Month-to-month,Yes,Electronic check,79.4,1156.1,Yes,No,Yes,True,False,False,True,159
9334-GWGOW,Male,1,Yes,No,7,Yes,Yes,Fiber optic,No,No,No,No,No,No,Month-to-month,Yes,Electronic check,74.85,485.25,No,No,No,True,False,False,True,139
3312-ZWLGF,Male,1,Yes,No,29,Yes,Yes,Fiber optic,No,No,No,Yes,No,No,Month-to-month,Yes,Electronic check,79.3,2414.55,No,No,No,True,False,False,True,139
1580-BMCMR,Male,1,No,No,19,Yes,No,Fiber optic,Yes,No,No,No,No,Yes,Month-to-month,Yes,Electronic check,87.3,1637.3,No,No,Yes,True,False,False,True,139
1371-WEPDS,Male,1,Yes,No,40,Yes,No,DSL,No,No,No,No,No,Yes,One year,No,Electronic check,55.8,2283.3,No,No,Yes,True,False,False,True,139
5937-EORGB,Male,1,Yes,No,15,Yes,Yes,Fiber optic,Yes,No,Yes,No,Yes,No,Month-to-month,Yes,Electronic check,96.5,1392.25,No,No,No,True,False,False,True,139
4583-PARNH,Male,1,Yes,No,16,Yes,No,Fiber optic,No,No,Yes,Yes,No,Yes,Month-to-month,Yes,Electronic check,91.55,1540.05,No,No,Yes,True,False,False,True,139
0716-BQNDX,Male,1,No,No,57,Yes,Yes,Fiber optic,Yes,No,No,Yes,No,Yes,Two year,No,Electronic check,93.75,5625.55,No,No,Yes,True,False,False,True,139
8695-ARGXZ,Male,1,Yes,No,34,Yes,Yes,Fiber optic,No,No,No,No,No,No,Month-to-month,Yes,Electronic check,75.55,2425.4,No,No,No,True,False,False,True,139
2642-DTVCO,Male,1,No,No,9,Yes,Yes,Fiber optic,No,No,No,No,No,Yes,Month-to-month,Yes,Electronic check,85.05,746.5,Yes,No,Yes,True,False,False,True,159
1363-TXLSL,Male,1,Yes,No,1,Yes,No,Fiber optic,No,No,No,No,No,No,Month-to-month,Yes,Electronic check,70.3,70.3,Yes,No,No,True,False,False,True,159
2077-MPJQO,Male,1,Yes,No,7,Yes,Yes,Fiber optic,No,No,No,No,No,No,Month-to-month,Yes,Electronic check,75.4,533.05,No,No,No,True,False,False,True,139
7136-RVDTZ,Male,1,No,No,70,No,No phone service,DSL,No,No,No,No,Yes,Yes,One year,Yes,Electronic check,45.25,3264.45,Yes,No,Yes,True,False,False,True,159
3398-ZOUAA,Male,1,Yes,No,21,Yes,No,Fiber optic,No,No,No,No,No,No,Month-to-month,Yes,Electronic check,69.1,1474.75,Yes,No,No,True,False,False,True,159
9693-XMUOB,Male,1,Yes,No,59,No,No phone service,DSL,No,Yes,No,No,Yes,Yes,Month-to-month,Yes,Electronic check,50.25,2997.45,No,No,Yes,True,False,False,True,139
5828-DWPIL,Male,1,Yes,No,62,Yes,Yes,Fiber optic,Yes,Yes,Yes,No,No,No,Month-to-month,Yes,Electronic check,89.1,5618.3,No,No,No,True,False,False,True,139
0011-IGKFF,Male,1,Yes,No,13,Yes,No,Fiber optic,No,Yes,Yes,No,Yes,Yes,Month-to-month,Yes,Electronic check,98.0,1237.85,Yes,No,Yes,True,False,False,True,159
6496-SLWHQ,Male,1,No,No,3,Yes,Yes,Fiber optic,No,Yes,Yes,No,Yes,Yes,Month-to-month,Yes,Electronic check,105.0,294.45,Yes,No,Yes,True,True,False,True,159
2931-FSOHN,Male,1,No,No,13,Yes,No,DSL,No,Yes,No,No,Yes,No,Month-to-month,Yes,Electronic check,59.9,788.35,No,No,No,True,False,False,True,139
9971-ZWPBF,Male,1,Yes,Yes,34,Yes,Yes,Fiber optic,No,Yes,Yes,Yes,Yes,Yes,Month-to-month,Yes,Electronic check,108.9,3625.2,No,Yes,Yes,True,True,False,True,139
6877-LGWXO,Male,1,Yes,No,18,Yes,No,Fiber optic,No,No,No,No,No,Yes,Month-to-month,No,Electronic check,78.55,1422.65,Yes,No,Yes,True,False,False,True,159
5567-WSELE,Male,1,Yes,No,3,Yes,Yes,Fiber optic,No,No,No,No,Yes,Yes,Month-to-month,Yes,Electronic check,94.6,279.55,Yes,No,Yes,True,False,False,True,159
3915-ODIYG,Male,1,No,No,60,Yes,Yes,DSL,Yes,Yes,No,No,No,Yes,One year,Yes,Electronic check,71.75,4374.55,No,No,Yes,True,False,False,True,139
6646-VRFOL,Male,1,Yes,No,53,Yes,Yes,Fiber optic,No,Yes,Yes,No,Yes,Yes,Month-to-month,Yes,Electronic check,103.85,5485.5,Yes,No,Yes,True,True,False,True,159
9090-SGQXL,Male,1,Yes,No,68,Yes,Yes,Fiber optic,No,Yes,Yes,No,Yes,Yes,Month-to-month,Yes,Electronic check,105.3,7299.65,Yes,No,Yes,True,True,False,True,159
6595-YGXIT,Male,1,No,No,25,Yes,Yes,Fiber optic,No,Yes,No,No,Yes,No,Month-to-month,Yes,Electronic check,88.95,2291.2,Yes,No,No,True,False,False,True,159
9835-ZIITK,Male,1,Yes,No,66,Yes,Yes,Fiber optic,No,Yes,Yes,Yes,Yes,Yes,One year,Yes,Electronic check,110.85,7491.75,Yes,No,Yes,True,True,False,True,159
9253-QXKBE,Male,1,Yes,No,29,Yes,Yes,Fiber optic,No,No,No,No,Yes,Yes,Month-to-month,Yes,Electronic check,94.45,2653.65,Yes,No,Yes,True,False,False,True,159
5385-SUIRI,Male,1,Yes,No,52,Yes,Yes,Fiber optic,Yes,No,Yes,No,Yes,Yes,Month-to-month,Yes,Electronic check,104.2,5568.35,Yes,No,Yes,True,True,False,True,159
2322-VCZHZ,Male,1,Yes,No,23,Yes,No,Fiber optic,Yes,Yes,No,No,No,Yes,Month-to-month,Yes,Electronic check,90.0,2024.1,No,No,Yes,True,False,False,True,139
0644-OQMDK,Male,1,No,No,4,Yes,No,Fiber optic,No,No,No,No,No,No,Month-to-month,Yes,Electronic check,70.65,293.85,No,No,No,True,False,False,True,139
6769-DYBQN,Male,1,No,No,46,Yes,No,Fiber optic,Yes,No,No,No,No,Yes,Month-to-month,No,Electronic check,85.0,3969.4,Yes,No,Yes,True,False,False,True,159
6726-WEXXK,Male,1,Yes,No,27,Yes,Yes,Fiber optic,Yes,No,Yes,No,No,No,One year,Yes,Electronic check,85.9,2220.1,No,No,No,True,False,False,True,139
8884-ADFVN,Male,1,Yes,No,7,Yes,Yes,Fiber optic,No,No,Yes,No,Yes,Yes,Month-to-month,Yes,Electronic check,101.95,700.85,Yes,No,Yes,True,True,False,True,159
2720-WGKHP,Male,1,No,No,2,Yes,Yes,Fiber optic,No,No,No,No,Yes,Yes,Month-to-month,Yes,Electronic check,94.0,181.7,Yes,No,Yes,True,False,False,True,159
6734-FQAJX,Male,1,No,No,67,Yes,No,Fiber optic,Yes,Yes,No,Yes,Yes,Yes,Two year,Yes,Electronic check,105.05,7171.7,No,No,Yes,True,True,False,True,139
2378-VTKDH,Male,1,Yes,No,65,Yes,Yes,Fiber optic,No,Yes,Yes,No,Yes,Yes,Month-to-month,Yes,Electronic check,104.35,6578.55,No,No,Yes,True,True,False,True,139
5119-NZPTV,Male,1,Yes,No,2,Yes,No,Fiber optic,No,No,No,No,No,No,Month-to-month,No,Electronic check,70.1,141.65,No,No,No,True,False,False,True,139
3551-HUAZH,Male,1,No,No,1,Yes,Yes,Fiber optic,No,No,No,No,No,No,Month-to-month,Yes,Electronic check,74.4,74.4,Yes,No,No,True,False,False,True,159
4868-AADLV,Male,1,Yes,Yes,66,Yes,Yes,Fiber optic,Yes,Yes,Yes,Yes,Yes,Yes,One year,Yes,Electronic check,116.25,7862.25,No,Yes,Yes,True,True,False,True,139
8634-MPHTR,Male,1,Yes,No,47,Yes,Yes,Fiber optic,No,No,Yes,No,Yes,Yes,Month-to-month,Yes,Electronic check,100.05,4871.05,Yes,No,Yes,True,True,False,True,159
2474-BRUCM,Male,1,Yes,No,40,Yes,Yes,Fiber optic,Yes,No,No,No,Yes,Yes,Month-to-month,No,Electronic check,101.85,4086.3,Yes,No,Yes,True,True,False,True,159
0616-ATFGB,Male,1,Yes,No,1,No,No phone service,DSL,No,No,No,No,No,No,Month-to-month,No,Electronic check,25.05,25.05,Yes,No,No,True,False,False,True,159
1104-TNLZA,Male,1,Yes,No,28,Yes,Yes,Fiber optic,No,Yes,No,Yes,Yes,Yes,Month-to-month,Yes,Electronic check,105.8,2998.0,No,No,Yes,True,True,False,True,139
3908-MKIMJ,Male,1,Yes,No,68,No,No phone service,DSL,Yes,Yes,Yes,No,No,No,Two year,Yes,Electronic check,41.95,2965.75,No,No,No,True,False,False,True,139
9248-OJYKK,Male,1,No,No,1,Yes,Yes,Fiber optic,No,No,No,No,No,No,Month-to-month,Yes,Electronic check,76.45,76.45,Yes,No,No,True,False,False,True,159
3319-DWOEP,Male,1,Yes,No,6,Yes,No,Fiber optic,No,No,Yes,No,Yes,Yes,Month-to-month,Yes,Electronic check,95.75,573.75,Yes,No,Yes,True,False,False,True,159
1226-IENZN,Male,1,No,No,16,Yes,No,Fiber optic,No,No,No,No,No,Yes,Month-to-month,Yes,Electronic check,78.75,1218.25,No,No,Yes,True,False,False,True,139
0818-OCPZO,Male,1,No,No,27,Yes,Yes,Fiber optic,No,Yes,No,No,No,No,Month-to-month,Yes,Electronic check,81.45,2122.05,Yes,No,No,True,False,False,True,159
1389-CXMLU,Male,1,No,No,3,Yes,Yes,Fiber optic,No,No,Yes,No,Yes,No,Month-to-month,No,Electronic check,91.05,289.1,Yes,No,No,True,False,False,True,159
4989-LIXVT,Male,1,No,No,68,Yes,Yes,Fiber optic,No,Yes,Yes,No,No,Yes,Month-to-month,Yes,Electronic check,95.9,6503.2,No,No,Yes,True,False,False,True,139
3768-NLUBH,Male,1,Yes,No,57,Yes,Yes,Fiber optic,No,No,Yes,No,Yes,Yes,Month-to-month,No,Electronic check,100.6,5746.15,Yes,No,Yes,True,True,False,True,159
3990-QYKBE,Male,1,Yes,No,37,Yes,Yes,Fiber optic,No,No,No,No,Yes,Yes,Month-to-month,Yes,Electronic check,92.5,3473.4,Yes,No,Yes,True,False,False,True,159
9274-CNFMO,Male,1,Yes,No,4,Yes,Yes,Fiber optic,No,No,No,No,No,No,Month-to-month,No,Electronic check,74.95,308.7,Yes,No,No,True,False,False,True,159
3005-NFMTA,Male,1,No,No,55,Yes,Yes,Fiber optic,Yes,No,No,No,Yes,Yes,Month-to-month,Yes,Electronic check,98.8,5617.75,Yes,No,Yes,True,False,False,True,159
5868-YWPDW,Male,1,Yes,No,6,Yes,No,Fiber optic,No,Yes,No,No,No,Yes,Month-to-month,Yes,Electronic check,84.2,519.15,Yes,No,Yes,True,False,False,True,159
6229-LSCKB,Male,1,No,No,6,Yes,No,Fiber optic,No,No,No,No,Yes,No,Month-to-month,Yes,Electronic check,79.7,497.6,No,No,No,True,False,False,True,139
1400-MMYXY,Male,1,Yes,No,3,Yes,Yes,Fiber optic,No,Yes,Yes,No,Yes,Yes,Month-to-month,Yes,Electronic check,105.9,334.65,Yes,No,Yes,True,True,False,True,159
7142-HVGBG,Male,1,Yes,No,43,Yes,Yes,Fiber optic,No,Yes,Yes,No,Yes,Yes,Month-to-month,Yes,Electronic check,103.0,4414.3,Yes,No,Yes,True,True,False,True,159
8739-WWKDU,Male,1,No,No,25,Yes,Yes,Fiber optic,No,Yes,No,No,Yes,No,Month-to-month,Yes,Electronic check,89.5,2196.15,Yes,No,No,True,False,False,True,159
6894-LFHLY,Male,1,No,No,1,Yes,Yes,Fiber optic,No,No,No,No,No,No,Month-to-month,Yes,Electronic check,75.75,75.75,Yes,No,No,True,False,False,True,159
